Diameter;An
D12;0.000084
D16;0.000157
D20;0.000245
D24;0.000352
D30;0.00056
D36;0.000816
D42;0.00112
D48;0.001472
D56;0.00203
D64;0.002676
D72;0.00346
D80;0.004344
D90;0.005591
D100;0.006995
D110;0.008556
D125;0.011191
D140;0.014181
